{
  "half_lives": [
    3.0,
    12.0,
    36.0
  ],
  "decay_factors": [
    0.7937005259840998,
    0.9438743126816935,
    0.980930087668915
  ],
  "level": 2,
  "input_rank": 5,
  "raw_feature_dim": 90,
  "standardized": true,
  "feature_mean": [
    -0.02419054851994357,
    0.01614389119873941,
    -0.005868245073624424,
    -0.017160813630787468,
    -0.004471113816648591,
    -0.70952638270592,
    -0.28576416351444617,
    -0.04446378791280282,
    -0.542769351033679,
    -0.5475370126679326,
    -0.7528944007860793,
    -0.26448342430100763,
    -0.49746447756117296,
    0.9846190171033614,
    0.6727596381873466,
    -0.11303080210186843,
    0.10314007869738702,
    -0.8570967484221652,
    0.405177413577622,
    -0.12424238401851628,
    -0.3676224671194887,
    0.7455087172886508,
    0.11387368952571711,
    0.4889884894569172,
    0.4846315172821239,
    -0.24593655813188461,
    0.11871360621628521,
    -0.5687591447130687,
    0.615989581416571,
    -0.3039235646639009,
    -0.13574896614735707,
    0.07097431344136067,
    -0.011848836862831443,
    -0.1157204746980516,
    -0.06321424785609281,
    -4.32214378238057,
    0.0189715593180432,
    -0.39629347410586957,
    -2.1506763602451064,
    -1.8346563910980287,
    -2.9567914690229506,
    -2.1777941356679014,
    -4.0418456670375305,
    4.701316914538976,
    4.07561107754026,
    -0.8533616564342693,
    0.8171709710840598,
    -3.8017855184347047,
    2.197779392237983,
    0.4410856818337923,
    -2.2998761067347386,
    3.6024714488214276,
    -2.139351972329197,
    3.462843633788825,
    5.821570668025556,
    -0.5824043701616994,
    -1.5199498109408467,
    -3.2492828966596594,
    2.5874498984787593,
    -2.850300411869372,
    -0.5317704648145404,
    -0.16829436133238584,
    0.3531800017874876,
    -0.9915119724267452,
    -0.6057933581575681,
    -15.502132575835283,
    3.2986755821204263,
    -2.265385331621154,
    1.080056422173124,
    0.5962913435029126,
    -3.6524188432653646,
    -6.8810655846484785,
    -13.384892269998417,
    5.329676272369226,
    7.954231587120146,
    -4.900617248073392,
    3.0409058840136187,
    -6.807937668274437,
    2.6280742946788322,
    2.0714018743224427,
    -6.970546672174415,
    6.3489303998330024,
    -7.752781104995512,
    2.6573739958599694,
    16.212242366957287,
    -2.5050141677240587,
    -6.813080660937899,
    -3.9705750244640288,
    6.0098708631218205,
    -11.02849261752925
  ],
  "feature_scale": [
    1.3775116523581106,
    1.5493114598557987,
    1.3214805888205707,
    1.7991474680424369,
    1.535980426556961,
    2.7927552179701234,
    2.5754248373780957,
    1.782404225316661,
    1.8699661422708285,
    2.597946068788874,
    3.777901595280161,
    4.520170421287639,
    7.188322498823357,
    4.437220726095962,
    4.359091989002514,
    2.1569544725340286,
    1.8256726493359523,
    4.716324433568582,
    2.553682162533411,
    1.7193388610934042,
    2.0367553799125298,
    4.290977390857085,
    2.2414847665364617,
    3.3184781326799073,
    4.705333582791316,
    1.6798162319334775,
    2.7804850049779644,
    3.724648173003533,
    2.6718463901956873,
    3.2997204892518903,
    2.1288330533211917,
    2.5867955428206755,
    2.202886377661992,
    3.571253784668493,
    2.4732005848175933,
    7.501382440811606,
    7.705140745510912,
    6.071182276755718,
    6.827321403443259,
    8.022141216027968,
    11.776469718815163,
    8.659267520495254,
    20.83430465209585,
    13.350373943238226,
    13.123334918184277,
    5.399657345191368,
    4.2145783106252495,
    11.665137870916501,
    7.908590268601932,
    3.7579663871170452,
    5.408748744732758,
    10.93851267582676,
    10.285666122901647,
    12.825898652800385,
    15.432158634123887,
    5.3569934844579645,
    5.380636013565188,
    10.47104105067946,
    6.190795259043424,
    6.876916301848907,
    2.995924261304135,
    4.060709454330425,
    3.5744072197070325,
    5.254451566055193,
    3.3780421937674023,
    11.623810693156393,
    15.390072101498612,
    13.646920134711849,
    20.013268950580056,
    12.681362162514304,
    21.200593368445368,
    13.14086481871459,
    33.69822784389678,
    25.065573236039857,
    23.20411185280703,
    9.91754163231062,
    10.371050010396264,
    19.94673268313137,
    16.59070646146734,
    6.243522917112858,
    12.442983384867157,
    14.572609141281736,
    17.147719130108545,
    19.66220959162382,
    26.67568974868106,
    10.19102362376027,
    11.17575129002513,
    13.923081062654546,
    12.186928006621786,
    12.002247286644007
  ],
  "pca_applied": false,
  "pca_dim": null,
  "feature_dim": 90
}