{
  "config": {
    "lambda_main": 1.0,
    "certification_epsilons": [
      0.1,
      0.05
    ],
    "severe_thresholds": [
      2.0,
      4.0
    ],
    "display_rank": 5,
    "hurricane_rank_grid": [
      5,
      10,
      15
    ],
    "macro_lambda_grid": [
      0.01,
      0.010473708979594498,
      0.010969857978923836,
      0.011489510001873092,
      0.012033778407775893,
      0.012603829296797275,
      0.01320088400831418,
      0.013826221737646556,
      0.014481182276745337,
      0.015167168884709226,
      0.015885651294280528,
      0.01663816886076129,
      0.0174263338600965,
      0.018251834943190434,
      0.019116440753857017,
      0.020022003718155844,
      0.02097046401323233,
      0.02196385372416546,
      0.02300430119772918,
      0.024094035602395245,
      0.02523539170434766,
      0.026430814869741057,
      0.027682866303920667,
      0.028994228538828767,
      0.030367711180354574,
      0.031806256927941194,
      0.03331294787934674,
      0.034891012134067735,
      0.03654383070957257,
      0.03827494478516311,
      0.04008806328898465,
      0.0419870708444391,
      0.043976036093027214,
      0.04605922041145106,
      0.04824108704165369,
      0.0505263106533568,
      0.05291978735958442,
      0.05542664520663107,
      0.05805225516094899,
      0.06080224261649424,
      0.06368249944718586,
      0.06669919663030122,
      0.0698587974678525,
      0.07316807143427195,
      0.07663410868007459,
      0.08026433522257174,
      0.08406652885618325,
      0.08804883581643465,
      0.09221978823334327,
      0.09658832241158703,
      0.1011637979766207,
      0.10595601792776159,
      0.11097524964120721,
      0.11623224686798524,
      0.12173827277396614,
      0.12750512407130135,
      0.13354515629298988,
      0.13987131026472385,
      0.14649713983072857,
      0.15343684089300125,
      0.16070528182616392,
      0.16831803533309567,
      0.1762914118095948,
      0.18464249428955434,
      0.1933891750455231,
      0.20255019392306675,
      0.21214517849106299,
      0.22219468609395238,
      0.23272024789604084,
      0.24374441501222205,
      0.2552908068239518,
      0.26738416158399464,
      0.2800503894183631,
      0.29331662783900436,
      0.30721129988617574,
      0.3217641750250737,
      0.33700643292719284,
      0.352970730273065,
      0.3696912707195028,
      0.3872038781812555,
      0.40554607358408296,
      0.42475715525368984,
      0.4448782831127585,
      0.4659525668664682,
      0.48802515836544313,
      0.5111433483440168,
      0.5353566677410724,
      0.5607169938205459,
      0.5872786613189482,
      0.6150985788580501,
      0.6442363508721374,
      0.6747544053110693,
      0.7067181273927491,
      0.7401959996915645,
      0.775259748862946,
      0.8119844993184013,
      0.8504489341802677,
      0.890735463861044,
      0.9329304026284686,
      0.9771241535346497,
      1.0234114021054528,
      1.0718913192051276,
      1.1226677735108135,
      1.175849554052157,
      1.231550603292826,
      1.289890261253308,
      1.3509935211980264,
      1.414991297434576,
      1.4820207057988586,
      1.552225357427048,
      1.625755666443795,
      1.7027691722258995,
      1.7834308769319094,
      1.8679135990207827,
      1.9563983435170649,
      2.049074689815848,
      2.1461411978584035,
      2.247805833548725,
      2.354286414322418,
      2.4658110758226037,
      2.5826187606826774,
      2.704959730463134,
      2.833096101839324,
      2.9673024081888695,
      3.107866187782014,
      3.2550885998350596,
      3.409285069746811,
      3.5707859649004625,
      3.739937302478798,
      3.9171014908092605,
      4.102658105827195,
      4.297004704320839,
      4.500557675700498,
      4.7137531341167245,
      4.937047852839004,
      5.17092024289676,
      5.415871378079471,
      5.672426068491977,
      5.941133984965034,
      6.222570836730231,
      6.517339604882427,
      6.826071834272386,
      7.149428986597577,
      7.488103857590023,
      7.842822061337682,
      8.21434358491943,
      8.603464416684501,
      9.01101825166502,
      9.437878277775381,
      9.884959046625585,
      10.353218432956627,
      10.843659686896109,
      11.357333583431052,
      11.895340673703195,
      12.458833642950081,
      13.049019780144029,
      13.667163564620074,
      14.314589375234785,
      14.992684327860456,
      15.702901247293775,
      16.446761779946645,
      17.225859653987875,
      18.04186409392072,
      18.896523396912098,
      19.791668678535572,
      20.72921779595372,
      21.711179456945054,
      22.739657523579275,
      23.81685551976158,
      24.945081352303166,
      26.126752255633292,
      27.36439997074672,
      28.660676169482503,
      30.01835813575589,
      31.440354715915,
      32.929712550971516,
      34.489622604057594,
      36.123426997094306,
      37.83462617131929,
      39.626886387014785,
      41.50404757850477,
      43.470131581250264,
      45.52935074866948,
      47.68611697714469,
      49.9450511585514,
      52.31099308056263,
      54.78901179593945,
      57.38441648302393,
      60.10276782070382,
      62.94988990221888,
      65.93188271333548,
      69.0551352016233,
      72.32633896483533,
      75.75250258771912,
      79.34096665797492,
      83.09941949353396,
      87.03591361485165,
      91.15888299750827,
      95.47716114208056,
      100.0
    ],
    "macro_selected_dates": [
      "2007-12",
      "2014-10",
      "2020-03"
    ],
    "residual_tolerance": 1e-06
  },
  "surfaces": {
    "macro": {
      "key": "macro",
      "source_files": [
        ".ovk_cache\\e267c6a7daf91962aa73a296e05684b4dbc84a0afa0e832c82248fcbed1df243.npz",
        "results\\publication_grade_ovk\\outputs\\tables\\publication_grade_rank_summary.csv"
      ],
      "full_K_source": "Full 125-coordinate monthly score proxy K_t = V Lambda^(1/2) G_t Lambda^(1/2) V' from cached base5_headline Q_scores; no smoothed full-coordinate macro K_t was checked in.",
      "rho": 0.03,
      "dimension": 125,
      "state_count": 375,
      "state_mask_note": "All cached base-five headline usable monthly score surfaces."
    },
    "lalonde": {
      "key": "lalonde",
      "source_files": [
        "results\\lalonde_cross_ovk\\tables\\ovk_core_arrays.npz",
        "results\\lalonde_cross_ovk\\tables\\ovk_pscore_1d_path.csv",
        "results\\lalonde_cross_ovk\\tables\\state_scores.csv",
        "results\\lalonde_cross_ovk\\tables\\theta_estimates.csv",
        "results\\lalonde_cross_ovk\\lalonde_run_metadata.json"
      ],
      "full_K_source": "Full 11-coordinate local covariance rebuilt from influence_demeaned E and the published 1D logit-propensity kernel weights.",
      "rho": 0.03,
      "dimension": 11,
      "state_count": 90,
      "state_mask_note": "All points on the published one-dimensional logit-propensity support grid."
    },
    "hurricane_full": {
      "key": "hurricane_full",
      "source_files": [
        "applications\\deryugina_hurricanes\\outputs\\intermediate\\Psi_corrected.parquet",
        "applications\\deryugina_hurricanes\\outputs\\intermediate\\influence_observations_corrected.csv",
        "applications\\deryugina_hurricanes\\outputs\\intermediate\\surface_metadata_corrected.csv",
        "applications\\deryugina_hurricanes\\config\\deryugina_config.yaml"
      ],
      "full_K_source": "Full 72-coordinate region-year covariance rebuilt from Psi_corrected with the published region-year kernel weights and ridge_rho_effective rule.",
      "rho": 0.08,
      "dimension": 72,
      "state_count": 195,
      "state_mask_note": "All published region-year cells from the corrected hurricane space-time smoother."
    },
    "hurricane_fiscal_post": {
      "key": "hurricane_fiscal_post",